TibetBestFit_x,TibetBestFit_y,TibetYupper_x,TibetYupper_y,TibetYLower_x,TibetYLower_y,TibetXLower_x,TibetXLower_y,TibetXUpper_x,TibetXUpper_y
121.0348180041,0.0001663962,121.0348180041,0.0002000568,121.0348180041,0.0001324344,100.3903682666,0.0001663962,158.9840799396,0.0001663962
220.5391099895,0.0001033145,222.2643001288,0.0001303297,220.5391099895,7.65086505236768E-05,157.7500636497,0.0001033145,395.6331958436,0.0001033145
540.3268068066,0.0002000568,536.1328517784,0.0002950324,536.1328517784,0.0001298088,404.9906608789,0.0002000568,984.5364750541,0.0002000568
